Entity,Year,CO2 emissions per capita,CO2 emissions
Africa,1884,0.00016810493,21984.0
Africa,1885,0.00027865346,36640.0
Africa,1886,0.00036027696,47632.0
Africa,1887,0.00035830968,47632.0
Africa,1888,0.00060305005,80608.0
Africa,1889,0.0009820405,131904.0
Africa,1890,0.0022003131,296784.0
Africa,1891,0.0021923848,296784.0
Africa,1892,0.0035353242,479984.0
Africa,1893,0.013219625,1799024.0
Africa,1894,0.017834708,2432896.0
Africa,1895,0.024409406,3337904.0
Africa,1896,0.031057494,4257568.0
Africa,1897,0.034764815,4777856.0
Africa,1898,0.043902785,6049264.0
Africa,1899,0.039936516,5517984.0
Africa,1900,0.016815761,2330304.0
Africa,1901,0.028121473,3909488.0
Africa,1902,0.04176499,5825760.0
Africa,1903,0.056402333,7895920.0
Africa,1904,0.06341765,8910848.0
Africa,1905,0.07276437,10262864.0
Africa,1906,0.08275714,11717472.0
Africa,1907,0.0909625,12930256.0
Africa,1908,0.09390756,13402912.0
Africa,1909,0.10735923,15385136.0
Africa,1910,0.12100435,17411328.0
Africa,1911,0.116731,16865392.0
Africa,1912,0.123760745,17953600.0
Africa,1913,0.13460414,19606064.0
Africa,1914,0.13367727,19551104.0
Africa,1915,0.13349853,19606064.0
Africa,1916,0.15768538,23255408.0
Africa,1917,0.17112114,25343888.0
Africa,1918,0.16625711,24724672.0
Africa,1919,0.17010342,25442816.0
Africa,1920,0.18615878,28051584.0
Africa,1921,0.18404068,27985632.0
Africa,1922,0.15595937,23969888.0
Africa,1923,0.18666829,29044528.0
Africa,1924,0.19445343,30631040.0
Africa,1925,0.20180704,32184576.0
Africa,1926,0.21327865,34437936.0
Africa,1927,0.2069944,33840704.0
Africa,1928,0.21005066,34770320.0
Africa,1929,0.21359752,35801616.0
Africa,1930,0.19853099,33695670.0
Africa,1931,0.17142504,29463712.0
Africa,1932,0.15295953,26622752.0
Africa,1933,0.16163766,28491132.0
Africa,1934,0.18227975,32539280.0
Africa,1935,0.19862159,35909544.0
Africa,1936,0.21307538,39015950.0
Africa,1937,0.22562651,41844264.0
Africa,1938,0.23430876,44013164.0
Africa,1939,0.24609981,46852930.0
Africa,1940,0.25714242,49649184.0
Africa,1941,0.27570948,54023456.0
Africa,1942,0.2956288,58822884.0
Africa,1943,0.29735428,60119628.0
Africa,1944,0.3243292,66632910.0
Africa,1945,0.32344264,67527180.0
Africa,1946,0.32124582,68159370.0
Africa,1947,0.31506482,67934744.0
Africa,1948,0.32733774,71733140.0
Africa,1949,0.34674028,77323530.0
Africa,1950,0.41649765,94750750.0
Africa,1951,0.43507445,101051990.0
Africa,1952,0.46483028,110273920.0
Africa,1953,0.4620448,111985016.0
Africa,1954,0.47448167,117517816.0
Africa,1955,0.5110498,129395110.0
Africa,1956,0.52177536,135095330.0
Africa,1957,0.53477436,141585740.0
Africa,1958,0.5492976,148670930.0
Africa,1959,0.53397065,147841250.0
Africa,1960,0.5522655,156570800.0
Africa,1961,0.5578653,161994340.0
Africa,1962,0.55908406,166334960.0
Africa,1963,0.5783184,176334930.0
Africa,1964,0.61948013,193639340.0
Africa,1965,0.66652215,213634400.0
Africa,1966,0.67250377,221082160.0
Africa,1967,0.7027146,237045200.0
Africa,1968,0.74299806,257271490.0
Africa,1969,0.7812512,277716580.0
Africa,1970,0.8285733,302409570.0
Africa,1971,0.8848473,331582370.0
Africa,1972,0.91397274,351615070.0
Africa,1973,0.9557009,377703900.0
Africa,1974,0.9551876,388046270.0
Africa,1975,0.9258481,386832580.0
Africa,1976,0.97630596,419684800.0
Africa,1977,0.97882766,432652320.0
Africa,1978,1.0157849,462045800.0
Africa,1979,1.0643989,498671400.0
Africa,1980,1.1106628,535707100.0
Africa,1981,1.1039095,548510700.0
Africa,1982,1.1156266,571422500.0
Africa,1983,1.126713,594289100.0
Africa,1984,1.1952857,648848960.0
Africa,1985,1.1907741,665459650.0
Africa,1986,1.1982255,689134660.0
Africa,1987,1.1644024,689027000.0
Africa,1988,1.1896181,723893200.0
Africa,1989,1.1138495,696667700.0
Africa,1990,1.0201536,655809400.0
Africa,1991,1.0364912,684248900.0
Africa,1992,0.97952044,663712800.0
Africa,1993,1.012881,704589630.0
Africa,1994,1.1055039,788761800.0
Africa,1995,1.1512247,842296450.0
Africa,1996,1.1604261,870784600.0
Africa,1997,1.1603605,892642940.0
Africa,1998,1.155051,911158850.0
Africa,1999,1.1095276,897515200.0
Africa,2000,1.1187239,927859800.0
Africa,2001,1.0786057,917321900.0
Africa,2002,1.0284268,896956300.0
Africa,2003,1.1047004,988110850.0
Africa,2004,1.1373577,1043504300.0
Africa,2005,1.1216333,1055712800.0
Africa,2006,1.1235152,1084852900.0
Africa,2007,1.1243716,1113891800.0
Africa,2008,1.1470915,1166199400.0
Africa,2009,1.11267,1160895700.0
Africa,2010,1.1359096,1216281000.0
Africa,2011,1.1513131,1264906200.0
Africa,2012,1.1207952,1263515800.0
Africa,2013,1.1065615,1280567000.0
Africa,2014,1.1458046,1360819000.0
Africa,2015,1.0964046,1335945700.0
Africa,2016,1.0941445,1367232300.0
Africa,2017,1.0749665,1377317600.0
Africa,2018,1.0589373,1391186800.0
Africa,2019,1.0815163,1456083200.0
Africa,2020,0.99283797,1369248800.0
Africa,2021,1.0448412,1475349400.0
Africa,2022,1.0096707,1459113900.0
Africa,2023,1.0019028,1481814400.0
Africa,2024,0.9925683,1502098700.0
Asia,1801,0.0,0.0
Asia,1802,0.0,0.0
Asia,1803,0.0,0.0
Asia,1804,0.0,0.0
Asia,1805,0.0,0.0
Asia,1806,0.0,0.0
Asia,1807,0.0,0.0
Asia,1808,0.0,0.0
Asia,1809,0.0,0.0
Asia,1810,0.0,0.0
Asia,1811,0.0,0.0
Asia,1812,0.0,0.0
Asia,1813,0.0,0.0
Asia,1814,0.0,0.0
Asia,1815,0.0,0.0
Asia,1816,0.0,0.0
Asia,1817,0.0,0.0
Asia,1818,0.0,0.0
Asia,1819,0.0,0.0
Asia,1820,0.0,0.0
Asia,1821,0.0,0.0
Asia,1822,0.0,0.0
Asia,1823,0.0,0.0
Asia,1824,0.0,0.0
Asia,1825,0.0,0.0
Asia,1826,0.0,0.0
Asia,1827,0.0,0.0
Asia,1828,0.0,0.0
Asia,1829,0.0,0.0
Asia,1830,2.9905066e-06,2365.0
Asia,1831,3.574454e-06,2837.0
Asia,1832,2.374271e-06,1890.0
Asia,1833,2.96414e-06,2365.0
Asia,1834,0.0,0.0
Asia,1835,0.0,0.0
Asia,1836,0.0,0.0
Asia,1837,0.0,0.0
Asia,1838,0.0,0.0
Asia,1839,0.0,0.0
Asia,1840,0.0,0.0
Asia,1841,0.0,0.0
Asia,1842,0.0,0.0
Asia,1843,0.0,0.0
Asia,1844,0.0,0.0
Asia,1845,0.0,0.0
Asia,1846,0.0,0.0
Asia,1847,0.0,0.0
Asia,1848,0.0,0.0
Asia,1849,0.0,0.0
Asia,1850,1.7755536e-05,14657.0
Asia,1851,0.0,0.0
Asia,1852,0.0,0.0
Asia,1853,0.0,0.0
Asia,1854,0.0,0.0
Asia,1855,5.4349803e-05,44449.0
Asia,1856,0.0,0.0
Asia,1857,0.0,0.0
Asia,1858,0.000562305,456899.0
Asia,1859,0.00086622825,702674.0
Asia,1860,0.000901659,730582.0
Asia,1861,0.0007515104,608367.0
Asia,1862,0.0008038955,650531.0
Asia,1863,0.0008834299,714928.0
Asia,1864,0.00085816707,694547.0
Asia,1865,0.0010249394,829624.0
Asia,1866,0.001487503,1204224.0
Asia,1867,0.0007845251,635242.0
Asia,1868,0.0006499244,526373.0
Asia,1869,0.00092081283,746355.0
Asia,1870,0.0008324786,675679.0
Asia,1871,0.0011046047,898267.0
Asia,1872,0.0011913183,971197.0
Asia,1873,0.0011356784,928640.0
Asia,1874,0.0019897309,1631914.0
Asia,1875,0.0032820506,2700050.0
Asia,1876,0.0034002902,2805871.0
Asia,1877,0.0034888666,2887666.0
Asia,1878,0.0065706633,5454773.0
Asia,1879,0.006803454,5667977.0
Asia,1880,0.0073939716,6185161.0
Asia,1881,0.007548692,6344105.0
Asia,1882,0.008134536,6872338.0
Asia,1883,0.008943601,7599698.0
Asia,1884,0.009575355,8183936.0
Asia,1885,0.009922499,8530808.0
Asia,1886,0.010529423,9106100.0
Asia,1887,0.012102868,10529181.0
Asia,1888,0.013379267,11709071.0
Asia,1889,0.015648983,13773977.0
Asia,1890,0.017035248,15076951.0
Asia,1891,0.019324506,17193024.0
Asia,1892,0.020425435,18263734.0
Asia,1893,0.022707088,20401096.0
Asia,1894,0.025184177,22735778.0
Asia,1895,0.028980145,26290228.0
Asia,1896,0.030733164,28015830.0
Asia,1897,0.033263437,30470748.0
Asia,1898,0.03961837,36470270.0
Asia,1899,0.04173442,38626130.0
Asia,1900,0.0472352,43976980.0
Asia,1901,0.053730626,50336864.0
Asia,1902,0.05553506,52380036.0
Asia,1903,0.057932742,55036240.0
Asia,1904,0.06466662,61878316.0
Asia,1905,0.06534046,62977084.0
Asia,1906,0.07236163,70252320.0
Asia,1907,0.09935337,97163880.0
Asia,1908,0.10754707,105951950.0
Asia,1909,0.11000586,109169750.0
Asia,1910,0.11077153,110742090.0
Asia,1911,0.116914466,117721900.0
Asia,1912,0.11804809,119731290.0
Asia,1913,0.13440552,137316080.0
Asia,1914,0.13878383,142830460.0
Asia,1915,0.13177308,136618350.0
Asia,1916,0.14348204,149857740.0
Asia,1917,0.15393083,161955360.0
Asia,1918,0.15736133,166861710.0
Asia,1919,0.17176479,183546660.0
Asia,1920,0.16289392,175417630.0
Asia,1921,0.15834604,171785010.0
Asia,1922,0.16586958,181263780.0
Asia,1923,0.18098089,199193870.0
Asia,1924,0.19237006,213260960.0
Asia,1925,0.19291645,215426100.0
Asia,1926,0.19449581,218787340.0
Asia,1927,0.20889828,236764620.0
Asia,1928,0.21753278,248363710.0
Asia,1929,0.2244133,258312340.0
Asia,1930,0.22206455,257875000.0
Asia,1931,0.21206737,248619630.0
Asia,1932,0.20998852,248699660.0
Asia,1933,0.22802474,272989340.0
Asia,1934,0.25575882,309518500.0
Asia,1935,0.2755997,337160500.0
Asia,1936,0.2943277,364027000.0
Asia,1937,0.3081294,385361440.0
Asia,1938,0.31207016,394587070.0
Asia,1939,0.32788906,418703650.0
Asia,1940,0.36602822,471628930.0
Asia,1941,0.36846435,478236000.0
Asia,1942,0.34242696,447314620.0
Asia,1943,0.33510014,440021800.0
Asia,1944,0.3337643,440440580.0
Asia,1945,0.24729317,327970050.0
Asia,1946,0.23661831,315475170.0
Asia,1947,0.2835335,380219940.0
Asia,1948,0.28443986,383794720.0
Asia,1949,0.28081807,382433600.0
Asia,1950,0.29264084,400210270.0
Asia,1951,0.32592383,454438940.0
Asia,1952,0.35405102,504144770.0
Asia,1953,0.37090498,539902000.0
Asia,1954,0.39751592,591670100.0
Asia,1955,0.4427561,674382340.0
Asia,1956,0.48061845,748929860.0
Asia,1957,0.5287584,843197950.0
Asia,1958,0.6971206,1137608000.0
Asia,1959,0.82496905,1373323900.0
Asia,1960,0.9091839,1538123400.0
Asia,1961,0.81073487,1392969500.0
Asia,1962,0.7654283,1342039900.0
Asia,1963,0.79059994,1422530600.0
Asia,1964,0.8155993,1506772200.0
Asia,1965,0.870726,1649181200.0
Asia,1966,0.9258574,1796336000.0
Asia,1967,0.91845953,1824343700.0
Asia,1968,0.99039394,2015223600.0
Asia,1969,1.0974275,2288606700.0
Asia,1970,1.2620577,2696906000.0
Asia,1971,1.3496083,2952501200.0
Asia,1972,1.3978751,3128200700.0
Asia,1973,1.4638795,3350604300.0
Asia,1974,1.4577299,3410210600.0
Asia,1975,1.4975369,3576883000.0
Asia,1976,1.5608472,3802953500.0
Asia,1977,1.62929,4047529700.0
Asia,1978,1.6706676,4229859300.0
Asia,1979,1.7065251,4404124000.0
Asia,1980,1.6714331,4398616000.0
Asia,1981,1.6290007,4372236300.0
Asia,1982,1.6490928,4516320000.0
Asia,1983,1.6812155,4697412000.0
Asia,1984,1.7445931,4971183000.0
Asia,1985,1.8101451,5260702700.0
Asia,1986,1.8504077,5486270500.0
Asia,1987,1.8912293,5722182000.0
Asia,1988,2.0028317,6182026000.0
Asia,1989,2.032275,6396979000.0
Asia,1990,2.051197,6582485000.0
Asia,1991,2.256128,7373495300.0
Asia,1992,2.1675537,7206709000.0
Asia,1993,2.2288237,7533513000.0
Asia,1994,2.2964156,7885157000.0
Asia,1995,2.367807,8256111600.0
Asia,1996,2.4286053,8596898000.0
Asia,1997,2.42777,8721443000.0
Asia,1998,2.325242,8473977000.0
Asia,1999,2.4259462,8965377000.0
Asia,2000,2.490367,9330988000.0
Asia,2001,2.5061107,9518093000.0
Asia,2002,2.6080198,10033991000.0
Asia,2003,2.8328493,11036212000.0
Asia,2004,2.9632952,11688358000.0
Asia,2005,3.1425073,12547687000.0
Asia,2006,3.3130567,13390618000.0
Asia,2007,3.45139,14118133000.0
Asia,2008,3.5859144,14843059000.0
Asia,2009,3.6710896,15377569000.0
Asia,2010,3.9013112,16536467000.0
Asia,2011,4.1435094,17768819000.0
Asia,2012,4.250022,18438480000.0
Asia,2013,4.2585483,18685477000.0
Asia,2014,4.2746906,18961437000.0
Asia,2015,4.2548037,19070407000.0
Asia,2016,4.2415833,19202404000.0
Asia,2017,4.3261576,19775838000.0
Asia,2018,4.41561,20366350000.0
Asia,2019,4.4992776,20926585000.0
Asia,2020,4.4149313,20691950000.0
Asia,2021,4.5623293,21520503000.0
Asia,2022,4.685265,22237813000.0
Asia,2023,4.8144717,22997092000.0
Asia,2024,4.867817,23392487000.0
Europe,1801,0.16660747,31714914.0
Europe,1802,0.20929188,40017350.0
Europe,1803,0.15223475,29238058.0
Europe,1804,0.16292503,31432090.0
Europe,1805,0.15948178,30907166.0
Europe,1806,0.16625623,32366874.0
Europe,1807,0.18314849,35818970.0
Europe,1808,0.17865463,35101290.0
Europe,1809,0.18200651,35925850.0
Europe,1810,0.19661516,39069692.0
Europe,1811,0.19855747,39723810.0
Europe,1812,0.20003302,40325010.0
Europe,1813,0.20008662,40679356.0
Europe,1814,0.203119,41658940.0
Europe,1815,0.20767546,42979950.0
Europe,1816,0.21459304,44827450.0
Europe,1817,0.23019937,48552070.0
Europe,1818,0.23757042,50606024.0
Europe,1819,0.23322712,50160850.0
Europe,1820,0.22960977,49931828.0
Europe,1821,0.2338824,51224476.0
Europe,1822,0.24062225,53149412.0
Europe,1823,0.24902461,55448036.0
Europe,1824,0.2519735,56560324.0
Europe,1825,0.26330176,59588492.0
Europe,1826,0.26313496,60056732.0
Europe,1827,0.27925387,64281724.0
Europe,1828,0.28030264,65080500.0
Europe,1829,0.27546224,64502350.0
Europe,1830,0.3679575,86888240.0
Europe,1831,0.34016386,80978620.0
Europe,1832,0.32944092,79052160.0
Europe,1833,0.32957864,79703770.0
Europe,1834,0.35024348,85364220.0
Europe,1835,0.3788523,93060240.0
Europe,1836,0.41258535,102140710.0
Europe,1837,0.40426123,100864980.0
Europe,1838,0.40079007,100783830.0
Europe,1839,0.41084418,104097896.0
Europe,1840,0.4422554,112883860.0
Europe,1841,0.45083058,115892920.0
Europe,1842,0.4728952,122404710.0
Europe,1843,0.47803557,124561020.0
Europe,1844,0.5054933,132595670.0
Europe,1845,0.5445424,143794050.0
Europe,1846,0.54492533,144858750.0
Europe,1847,0.58133566,155573810.0
Europe,1848,0.58157825,156683300.0
Europe,1849,0.61419135,166586960.0
Europe,1850,0.64734524,176775200.0
Europe,1851,0.63238686,173859040.0
Europe,1852,0.651848,180432720.0
Europe,1853,0.66990215,186703490.0
Europe,1854,0.7895616,221565870.0
Europe,1855,0.78406507,221538050.0
Europe,1856,0.83227813,236781490.0
Europe,1857,0.83197844,238329620.0
Europe,1858,0.8373362,241521680.0
Europe,1859,0.87676173,254665310.0
Europe,1860,0.9633654,281813340.0
Europe,1861,1.0198766,300479780.0
Europe,1862,1.0278839,305041340.0
Europe,1863,1.0745233,321231500.0
Europe,1864,1.1509877,346628540.0
Europe,1865,1.2235943,371215550.0
Europe,1866,1.2551206,383594980.0
Europe,1867,1.3051126,401825860.0
Europe,1868,1.3096026,406195940.0
Europe,1869,1.3611478,425362180.0
Europe,1870,1.3700087,431416200.0
Europe,1871,1.4490024,459750800.0
Europe,1872,1.5526829,496541380.0
Europe,1873,1.6208694,522506750.0
Europe,1874,1.4911529,484555260.0
Europe,1875,1.6321615,534647550.0
Europe,1876,1.6569277,547138560.0
Europe,1877,1.6400648,545946560.0
Europe,1878,1.6442298,551763500.0
Europe,1879,1.6837175,569586300.0
Europe,1880,1.8788081,640741500.0
Europe,1881,1.9133537,657774200.0
Europe,1882,1.9627429,680198800.0
Europe,1883,2.0574412,718767000.0
Europe,1884,2.027836,714144640.0
Europe,1885,2.0186574,716659840.0
Europe,1886,2.000567,715986900.0
Europe,1887,2.0601482,743286700.0
Europe,1888,2.1651394,787506560.0
Europe,1889,2.2486446,824558900.0
Europe,1890,2.3330638,862573800.0
Europe,1891,2.395599,893012350.0
Europe,1892,2.3393447,879321600.0
Europe,1893,2.2553756,854880400.0
Europe,1894,2.4276416,927918100.0
Europe,1895,2.4714618,952627700.0
Europe,1896,2.5627851,996165250.0
Europe,1897,2.6675856,1045666300.0
Europe,1898,2.7299402,1079168000.0
Europe,1899,2.8832297,1149517800.0
Europe,1900,2.99826,1205761500.0
Europe,1901,2.9464014,1195232800.0
Europe,1902,2.922692,1196093400.0
Europe,1903,3.0157037,1245173800.0
Europe,1904,3.0448437,1268442600.0
Europe,1905,3.10647,1305698300.0
Europe,1906,3.1772997,1347435300.0
Europe,1907,3.4888713,1492849800.0
Europe,1908,3.514344,1517263900.0
Europe,1909,3.4913185,1518876900.0
Europe,1910,3.514245,1538655100.0
Europe,1911,3.577552,1574153700.0
Europe,1912,3.6962206,1632547300.0
Europe,1913,3.9913847,1767425000.0
Europe,1914,3.5452957,1573981000.0
Europe,1915,3.354157,1492878500.0
Europe,1916,3.4991796,1561198600.0
Europe,1917,3.4287016,1533435500.0
Europe,1918,3.109697,1394121500.0
Europe,1919,2.6313114,1183818800.0
Europe,1920,3.060028,1383445000.0
Europe,1921,2.7832806,1265554400.0
Europe,1922,3.0779796,1409319800.0
Europe,1923,2.9186473,1346923800.0
Europe,1924,3.3405945,1553839500.0
Europe,1925,3.2808695,1538195500.0
Europe,1926,2.8001137,1323210400.0
Europe,1927,3.5375533,1684910600.0
Europe,1928,3.5281253,1693740900.0
Europe,1929,3.7990859,1837967700.0
Europe,1930,3.5716798,1741164500.0
Europe,1931,3.3101618,1625608800.0
Europe,1932,3.0562735,1511837700.0
Europe,1933,3.1267207,1557659400.0
Europe,1934,3.3976998,1704667300.0
Europe,1935,3.5414827,1789410800.0
Europe,1936,3.7335281,1899830300.0
Europe,1937,4.021243,2060766800.0
Europe,1938,4.01178,2070434300.0
Europe,1939,4.0730605,2116642200.0
Europe,1940,4.311115,2253947000.0
Europe,1941,4.1366825,2174063400.0
Europe,1942,3.8281624,2021260500.0
Europe,1943,3.8459234,2039171100.0
Europe,1944,3.6388762,1937932700.0
Europe,1945,2.375934,1269833000.0
Europe,1946,3.1477296,1686021100.0
Europe,1947,3.5971165,1932562200.0
Europe,1948,3.8630939,2085037800.0
Europe,1949,4.176294,2266351900.0
Europe,1950,4.3372517,2381798400.0
Europe,1951,4.7441854,2628854500.0
Europe,1952,4.852348,2712866300.0
Europe,1953,4.9439373,2790577700.0
Europe,1954,5.2089024,2969349600.0
Europe,1955,5.6156025,3233243600.0
Europe,1956,5.9247875,3445158700.0
Europe,1957,6.116099,3593346300.0
Europe,1958,6.1148453,3632002000.0
Europe,1959,6.1877055,3713709800.0
Europe,1960,6.5441074,3966934500.0
Europe,1961,6.716583,4112139800.0
Europe,1962,7.019497,4339414000.0
Europe,1963,7.391823,4612307500.0
Europe,1964,7.691739,4842246000.0
Europe,1965,7.8520417,4984466400.0
Europe,1966,8.058902,5156101000.0
Europe,1967,8.177298,5270223000.0
Europe,1968,8.49904,5515944000.0
Europe,1969,8.899912,5816407000.0
Europe,1970,9.277016,6098689500.0
Europe,1971,9.56756,6327589000.0
Europe,1972,9.84574,6556552700.0
Europe,1973,10.219973,6849511000.0
Europe,1974,10.187259,6867690000.0
Europe,1975,10.192282,6907077600.0
Europe,1976,10.692213,7281985500.0
Europe,1977,10.720991,7338524700.0
Europe,1978,11.00652,7570691000.0
Europe,1979,11.21337,7750150700.0
Europe,1980,11.161433,7753727000.0
Europe,1981,10.704563,7471875000.0
Europe,1982,10.574784,7411571700.0
Europe,1983,10.541155,7417897000.0
Europe,1984,10.570768,7468784600.0
Europe,1985,10.985475,7792995300.0
Europe,1986,10.955814,7805502500.0
Europe,1987,10.936949,7826896000.0
Europe,1988,10.94191,7865633000.0
Europe,1989,10.8478,7831148500.0
Europe,1990,11.093729,8038894600.0
Europe,1991,10.646457,7739830000.0
Europe,1992,9.743179,7094296000.0
Europe,1993,9.342668,6806441000.0
Europe,1994,8.836869,6445869000.0
Europe,1995,8.798553,6422432000.0
Europe,1996,8.866414,6472014000.0
Europe,1997,8.584204,6266619400.0
Europe,1998,8.554995,6240622600.0
Europe,1999,8.447242,6156683300.0
Europe,2000,8.446089,6155514400.0
Europe,2001,8.619868,6282925000.0
Europe,2002,8.56332,6249447000.0
Europe,2003,8.742216,6391066600.0
Europe,2004,8.770317,6419376000.0
Europe,2005,8.772248,6427948500.0
Europe,2006,8.902524,6529225700.0
Europe,2007,8.811422,6473231400.0
Europe,2008,8.7018175,6407231500.0
Europe,2009,7.988396,5893126700.0
Europe,2010,8.278616,6117359600.0
Europe,2011,8.166225,6044340700.0
Europe,2012,8.092234,5998598700.0
Europe,2013,7.8675003,5840099000.0
Europe,2014,7.5443096,5609139000.0
Europe,2015,7.533763,5613445600.0
Europe,2016,7.495169,5598046700.0
Europe,2017,7.5266643,5632420000.0
Europe,2018,7.4903345,5613847600.0
Europe,2019,7.245424,5437201400.0
Europe,2020,6.6967344,5025675300.0
Europe,2021,7.0246267,5265446400.0
Europe,2022,6.812951,5095635000.0
Europe,2023,6.545994,4887137300.0
Europe,2024,6.541561,4880514000.0
North America,1801,0.018690445,271136.0
North America,1802,0.01989458,293120.0
North America,1803,0.020074496,300448.0
North America,1804,0.02216836,337088.0
North America,1805,0.022290347,344416.0
North America,1806,0.021465817,337088.0
North America,1807,0.023872076,381056.0
North America,1808,0.024383908,395712.0
North America,1809,0.024646167,406704.0
North America,1810,0.024993857,421360.0
North America,1811,0.026250409,450672.0
North America,1812,0.02780726,487312.0
North America,1813,0.029262545,523952.0
North America,1814,0.030839905,564256.0
North America,1815,0.032332525,604560.0
North America,1816,0.034892946,666848.0
North America,1817,0.036947973,721808.0
North America,1818,0.03925944,784096.0
North America,1819,0.03754317,765776.0
North America,1820,0.038160235,795088.0
North America,1821,0.039216816,831728.0
North America,1822,0.040193643,868368.0
North America,1823,0.041189134,905008.0
North America,1824,0.045550894,1018592.0
North America,1825,0.05005761,1139504.0
North America,1826,0.056906432,1319040.0
North America,1827,0.061460372,1450944.0
North America,1828,0.06642322,1597504.0
North America,1829,0.073394075,1799024.0
North America,1830,0.08362567,2092144.0
North America,1831,0.08897267,2268016.0
North America,1832,0.116362855,3026464.0
North America,1833,0.13301432,3532096.0
North America,1834,0.12491159,3385536.0
North America,1835,0.15617768,4319856.0
North America,1836,0.16763563,4733888.0
North America,1837,0.18413039,5309136.0
North America,1838,0.17098258,5034336.0
North America,1839,0.18355195,5521648.0
North America,1840,0.19095269,5877056.0
North America,1841,0.19766374,6217808.0
North America,1842,0.21507406,6921296.0
North America,1843,0.23570313,7767680.0
North America,1844,0.27600986,9310224.0
North America,1845,0.3244979,11208176.0
North America,1846,0.3600632,12736064.0
North America,1847,0.41689628,15103008.0
North America,1848,0.4534168,16825088.0
North America,1849,0.48056248,18268704.0
North America,1850,0.5092744,19851552.0
North America,1851,0.6188479,24702688.0
North America,1852,0.65726495,26875440.0
North America,1853,0.7222555,30264640.0
North America,1854,0.7750555,33283774.0
North America,1855,0.87044394,38310784.0
North America,1856,0.9001846,40608550.0
North America,1857,0.9005075,41639350.0
North America,1858,0.89170873,42266390.0
North America,1859,0.94741327,45960576.0
North America,1860,0.97010434,48121740.0
North America,1861,0.92081124,46590956.0
North America,1862,0.9435757,48634420.0
North America,1863,1.0660269,55905530.0
North America,1864,1.126579,60117110.0
North America,1865,1.11321,60449588.0
North America,1866,1.1056702,61101436.0
North America,1867,1.3354559,75109410.0
North America,1868,1.4658017,83908930.0
North America,1869,1.6312027,95069656.0
North America,1870,1.6921569,100493880.0
North America,1871,1.7429851,105424984.0
North America,1872,2.090394,128799670.0
North America,1873,2.2577796,141792420.0
North America,1874,2.1340368,136606960.0
North America,1875,2.1197355,138314050.0
North America,1876,2.0338266,135277740.0
North America,1877,2.2098958,149839310.0
North America,1878,2.1208503,146594990.0
North America,1879,2.5323753,178436500.0
North America,1880,2.8494492,204774640.0
North America,1881,2.9583144,216661440.0
North America,1882,3.255529,242977010.0
North America,1883,3.4484208,262347040.0
North America,1884,3.5743265,277187650.0
North America,1885,3.560077,281432450.0
North America,1886,3.6893032,297307330.0
North America,1887,3.8819208,318908220.0
North America,1888,4.640994,388686100.0
North America,1889,4.084477,348532450.0
North America,1890,4.7865477,416105630.0
North America,1891,5.0212116,444136320.0
North America,1892,5.200411,467781400.0
North America,1893,5.162151,472057700.0
North America,1894,4.760898,442608900.0
North America,1895,5.2560973,496785800.0
North America,1896,5.191457,498858240.0
North America,1897,5.3138833,519146020.0
North America,1898,5.6937814,565555650.0
North America,1899,6.436859,650259800.0
North America,1900,6.703664,689274560.0
North America,1901,7.191244,752325400.0
North America,1902,7.4938827,797930940.0
North America,1903,8.591813,931599300.0
North America,1904,8.378315,925116500.0
North America,1905,9.189057,1033274000.0
North America,1906,9.482193,1085844200.0
North America,1907,10.844588,1264722700.0
North America,1908,9.380331,1114123300.0
North America,1909,10.150135,1226393700.0
North America,1910,10.91125,1340182400.0
North America,1911,10.752785,1340375900.0
North America,1912,11.33853,1432892400.0
North America,1913,12.089126,1547516200.0
North America,1914,10.872295,1409811800.0
North America,1915,11.084629,1456051600.0
North America,1916,12.221802,1626382000.0
North America,1917,13.327446,1796726100.0
North America,1918,13.76596,1880819000.0
North America,1919,11.611304,1608359600.0
North America,1920,13.619003,1913851800.0
North America,1921,11.273651,1607007500.0
North America,1922,11.090768,1604141800.0
North America,1923,14.154896,2078408700.0
North America,1924,12.486585,1861292900.0
North America,1925,12.520027,1894640500.0
North America,1926,13.276099,2039605600.0
North America,1927,12.7687435,1991507100.0
North America,1928,12.341001,1954095500.0
North America,1929,13.013824,2089554600.0
North America,1930,11.463742,1864992600.0
North America,1931,9.612037,1581821700.0
North America,1932,8.109149,1348415700.0
North America,1933,8.583557,1440842900.0
North America,1934,9.09275,1540829700.0
North America,1935,9.345112,1598686300.0
North America,1936,10.587172,1828468600.0
North America,1937,11.00871,1919474000.0
North America,1938,9.288044,1635000700.0
North America,1939,10.104448,1798916200.0
North America,1940,11.191834,2018418800.0
North America,1941,12.014413,2196926200.0
North America,1942,12.702232,2359614700.0
North America,1943,12.911896,2440362500.0
North America,1944,13.608128,2616900000.0
North America,1945,12.901245,2524446500.0
North America,1946,12.218642,2432982800.0
North America,1947,13.183822,2671360000.0
North America,1948,13.504565,2784729000.0
North America,1949,11.205984,2353018400.0
North America,1950,12.471012,2744908300.0
North America,1951,12.680518,2840856000.0
North America,1952,12.136213,2768359700.0
North America,1953,12.190486,2832029000.0
North America,1954,11.484831,2718288000.0
North America,1955,12.297914,2966306600.0
North America,1956,12.706548,3124124700.0
North America,1957,12.3791065,3103315200.0
North America,1958,11.826562,3022798800.0
North America,1959,11.9476595,3115066000.0
North America,1960,11.985103,3189234400.0
North America,1961,11.72341,3184431000.0
North America,1962,11.936488,3309483800.0
North America,1963,12.172398,3442642200.0
North America,1964,12.559172,3621586000.0
North America,1965,12.837252,3771806500.0
North America,1966,13.227015,3956434200.0
North America,1967,13.563191,4127059700.0
North America,1968,13.866941,4289618200.0
North America,1969,14.318686,4501628400.0
North America,1970,15.20661,4862542000.0
North America,1971,15.109756,4915969000.0
North America,1972,15.612672,5161936000.0
North America,1973,16.058285,5389427700.0
North America,1974,15.381584,5238351000.0
North America,1975,14.657456,5064188400.0
North America,1976,15.148983,5308195300.0
North America,1977,15.340862,5450855400.0
North America,1978,15.635167,5632973300.0
North America,1979,15.583867,5692481000.0
North America,1980,14.961503,5541655000.0
North America,1981,14.250882,5351420400.0
North America,1982,13.468686,5126822000.0
North America,1983,13.266642,5118913500.0
North America,1984,13.494519,5276948500.0
North America,1985,13.391417,5306051600.0
North America,1986,13.161354,5282712000.0
North America,1987,13.578401,5520225000.0
North America,1988,13.963881,5750680600.0
North America,1989,14.00591,5843614000.0
North America,1990,14.1804695,5999264000.0
North America,1991,13.854948,5947688000.0
North America,1992,13.927009,6065276000.0
North America,1993,13.97754,6172271600.0
North America,1994,14.049536,6286338600.0
North America,1995,14.0109415,6349420000.0
North America,1996,14.29215,6557365000.0
North America,1997,14.366525,6671063000.0
North America,1998,14.388422,6760881000.0
North America,1999,14.406991,6849317000.0
North America,2000,14.78584,7111529000.0
North America,2001,14.3968,7005433000.0
North America,2002,14.348756,7062446000.0
North America,2003,14.405507,7170593000.0
North America,2004,14.442656,7269825500.0
North America,2005,14.367344,7313038300.0
North America,2006,14.08284,7249320400.0
North America,2007,14.120287,7352746500.0
North America,2008,13.5402565,7133121500.0
North America,2009,12.485616,6653199400.0
North America,2010,12.715312,6851848700.0
North America,2011,12.401896,6757270500.0
North America,2012,11.919599,6565685000.0
North America,2013,12.050421,6708860000.0
North America,2014,12.008157,6754714000.0
North America,2015,11.604535,6592755700.0
North America,2016,11.248586,6453526000.0
North America,2017,11.042576,6397038600.0
North America,2018,11.245828,6576287000.0
North America,2019,10.953225,6463362000.0
North America,2020,9.761333,5798350000.0
North America,2021,10.352162,6176851500.0
North America,2022,10.390202,6236024000.0
North America,2023,10.096913,6104680400.0
North America,2024,9.990717,6084276000.0
Oceania,1801,0.0,0.0
Oceania,1802,0.0,0.0
Oceania,1803,0.0,0.0
Oceania,1804,0.0,0.0
Oceania,1805,0.00015933833,236.0
Oceania,1806,0.0004461631,661.0
Oceania,1807,0.00042435058,629.0
Oceania,1808,0.0005305537,787.0
Oceania,1809,0.00084793137,1259.0
Oceania,1810,0.00082576927,1259.0
Oceania,1811,0.0014794975,2203.0
Oceania,1812,0.0014770633,2203.0
Oceania,1813,0.0018952437,2832.0
Oceania,1814,0.0023046676,3451.0
Oceania,1815,0.001834278,2753.0
Oceania,1816,0.001515951,2281.0
Oceania,1817,0.0013553773,2045.0
Oceania,1818,0.0012476186,1888.0
Oceania,1819,0.0023331456,3540.0
Oceania,1820,0.0039380146,6160.0
Oceania,1821,0.0020656504,3147.0
Oceania,1822,0.002578651,3934.0002
Oceania,1823,0.003091105,4720.0
Oceania,1824,0.003088322,4720.0
Oceania,1825,0.0018761529,2870.0
Oceania,1826,0.0041537895,6360.0
Oceania,1827,0.0038510903,5902.0
Oceania,1828,0.0024680768,3786.0
Oceania,1829,0.003925336,6031.0
Oceania,1830,0.003633419,5748.0
Oceania,1831,0.0009199888,1421.0
Oceania,1832,0.0072489707,11239.0
Oceania,1833,0.0068814037,10718.0
Oceania,1834,0.008535616,13358.0
Oceania,1835,0.012397378,19498.0
Oceania,1836,0.0125861,19897.0
Oceania,1837,0.015921783,25305.0
Oceania,1838,0.01695348,27094.0
Oceania,1839,0.020810999,33487.0
Oceania,1840,0.0285632,47605.0
Oceania,1841,0.033472385,54819.0
Oceania,1842,0.03792042,62779.0
Oceania,1843,0.023136506,40692.0
Oceania,1844,0.021438023,36374.0
Oceania,1845,0.020441193,35125.0
Oceania,1846,0.035219725,61308.0
Oceania,1847,0.036333516,64088.0
Oceania,1848,0.03999662,71507.0
Oceania,1849,0.04198542,76336.0
Oceania,1850,0.05658072,112052.0
Oceania,1851,0.05592793,106379.0
Oceania,1852,0.054187104,106055.0
Oceania,1853,0.07533889,152321.0
Oceania,1854,0.087756604,183526.0
Oceania,1855,0.09957047,215678.0
Oceania,1856,0.13304174,298886.0
Oceania,1857,0.14190914,331100.0
Oceania,1858,0.14032105,340483.0
Oceania,1859,0.19287787,484948.0
Oceania,1860,0.22673167,599769.0
Oceania,1861,0.20993423,560575.0
Oceania,1862,0.28782222,787635.0
Oceania,1863,0.25788823,720450.0
Oceania,1864,0.31655836,903160.0
Oceania,1865,0.33397898,973508.0
Oceania,1866,0.4296602,1280060.0
Oceania,1867,0.40700552,1239852.0
Oceania,1868,0.49171588,1532259.0
Oceania,1869,0.4598899,1464684.0
Oceania,1870,0.42452982,1402391.0
Oceania,1871,0.43425167,1440910.0
Oceania,1872,0.483866,1636610.0
Oceania,1873,0.56044054,1930549.0
Oceania,1874,0.6057521,2125629.0
Oceania,1875,0.59927016,2142736.0
Oceania,1876,0.5922023,2158161.0
Oceania,1877,0.63846064,2372097.0
Oceania,1878,0.7699141,2917052.0
Oceania,1879,0.797371,3083507.0
Oceania,1880,0.76770675,3073339.0
Oceania,1881,0.90166235,3641577.0
Oceania,1882,1.0351987,4277829.0
Oceania,1883,1.1990659,5073743.0
Oceania,1884,1.2900813,5590824.0
Oceania,1885,1.3515136,5999834.0
Oceania,1886,1.3211308,6009109.0
Oceania,1887,1.3432807,6261250.0
Oceania,1888,1.4593703,6972248.0
Oceania,1889,1.5473624,7562008.0
Oceania,1890,1.3625517,6872483.0
Oceania,1891,1.6477367,8375925.0
Oceania,1892,1.5402519,7961785.0
Oceania,1893,1.394479,7315646.0
Oceania,1894,1.5269287,8130214.0
Oceania,1895,1.5494742,8373957.0
Oceania,1896,1.6291397,8936921.0
Oceania,1897,1.7568121,9782685.0
Oceania,1898,1.8639662,10536444.0
Oceania,1899,1.8949157,10873019.0
Oceania,1900,2.1297188,12607824.0
Oceania,1901,2.398582,14179680.0
Oceania,1902,2.4026918,14436160.0
Oceania,1903,2.363649,14393768.0
Oceania,1904,2.4231951,14977158.0
Oceania,1905,2.485356,15591857.0
Oceania,1906,2.8574042,18219918.0
Oceania,1907,3.027907,19572344.0
Oceania,1908,3.1917098,20943384.0
Oceania,1909,2.8318686,18845024.0
Oceania,1910,3.3242135,22609452.0
Oceania,1911,3.530919,24136106.0
Oceania,1912,3.774761,26073290.0
Oceania,1913,3.867985,27014900.0
Oceania,1914,4.2468805,30004424.0
Oceania,1915,3.8045247,27201164.0
Oceania,1916,3.4347842,24891626.0
Oceania,1917,3.5402331,25951116.0
Oceania,1918,3.757969,27907988.0
Oceania,1919,3.49445,26314662.0
Oceania,1920,3.8772013,29863852.0
Oceania,1921,3.510862,27284434.0
Oceania,1922,3.6104672,28483052.0
Oceania,1923,3.6792982,29520592.0
Oceania,1924,3.9433222,32180746.0
Oceania,1925,4.0621634,33720956.0
Oceania,1926,3.9878254,33859450.0
Oceania,1927,4.1629214,35764830.0
Oceania,1928,3.8592007,33733316.0
Oceania,1929,3.580529,31800364.0
Oceania,1930,3.3903053,30764512.0
Oceania,1931,2.920057,26789996.0
Oceania,1932,2.8755095,26589732.0
Oceania,1933,3.0296645,28327570.0
Oceania,1934,3.1927643,30191492.0
Oceania,1935,3.461274,33108736.0
Oceania,1936,3.6665754,35690024.0
Oceania,1937,3.8941302,38137220.0
Oceania,1938,3.8277617,37942420.0
Oceania,1939,4.2247157,42445464.0
Oceania,1940,3.9086487,40105132.0
Oceania,1941,4.277715,44335188.0
Oceania,1942,4.467558,47122844.0
Oceania,1943,4.332158,46564212.0
Oceania,1944,4.244469,46496400.0
Oceania,1945,4.005228,44779228.0
Oceania,1946,4.220124,48271880.0
Oceania,1947,4.3274937,50227836.0
Oceania,1948,4.4369144,52515016.0
Oceania,1949,4.443873,53672830.0
Oceania,1950,5.171454,64611340.0
Oceania,1951,5.4350247,69708776.0
Oceania,1952,5.5148296,72459270.0
Oceania,1953,5.3761744,72235040.0
Oceania,1954,5.664434,77786380.0
Oceania,1955,5.8655486,82423610.0
Oceania,1956,6.0261283,86718080.0
Oceania,1957,5.923712,87255750.0
Oceania,1958,5.923765,89266810.0
Oceania,1959,6.1259775,94413280.0
Oceania,1960,6.3629203,100295090.0
Oceania,1961,6.217038,100181430.0
Oceania,1962,6.277265,103294030.0
Oceania,1963,6.522281,109548400.0
Oceania,1964,6.9250956,118717740.0
Oceania,1965,7.397668,129478890.0
Oceania,1966,7.402915,132279140.0
Oceania,1967,7.611002,138611220.0
Oceania,1968,7.8409934,145432300.0
Oceania,1969,8.129324,153718830.0
Oceania,1970,8.582492,166215820.0
Oceania,1971,8.572884,170643970.0
Oceania,1972,8.547464,174019410.0
Oceania,1973,9.341156,193617860.0
Oceania,1974,9.045362,190731230.0
Oceania,1975,9.192577,196819650.0
Oceania,1976,8.951951,194205660.0
Oceania,1977,9.450781,207570140.0
Oceania,1978,9.620122,213846820.0
Oceania,1979,9.510916,213960100.0
Oceania,1980,9.976567,227391700.0
Oceania,1981,10.189852,235787900.0
Oceania,1982,10.260925,241295580.0
Oceania,1983,9.655535,230603340.0
Oceania,1984,9.977473,241781630.0
Oceania,1985,10.246546,251883520.0
Oceania,1986,10.115781,252363400.0
Oceania,1987,10.433877,264343070.0
Oceania,1988,10.558386,271769540.0
Oceania,1989,11.00992,287941500.0
Oceania,1990,11.629255,309442460.0
Oceania,1991,11.50567,311575040.0
Oceania,1992,11.582465,318601150.0
Oceania,1993,11.567867,322868100.0
Oceania,1994,11.579777,328001730.0
Oceania,1995,11.797896,339459460.0
Oceania,1996,11.901584,347997860.0
Oceania,1997,12.069698,358440900.0
Oceania,1998,12.331419,371734300.0
Oceania,1999,12.501396,382514900.0
Oceania,2000,12.555097,390033800.0
Oceania,2001,12.683039,400263140.0
Oceania,2002,12.653574,405900700.0
Oceania,2003,12.785553,416901060.0
Oceania,2004,12.931412,428453020.0
Oceania,2005,12.872375,433427400.0
Oceania,2006,12.836972,439754140.0
Oceania,2007,12.836743,448106370.0
Oceania,2008,12.72464,453125120.0
Oceania,2009,12.469608,452832260.0
Oceania,2010,12.212045,451559740.0
Oceania,2011,11.9738455,450376670.0
Oceania,2012,11.815823,452247680.0
Oceania,2013,11.422256,445004350.0
Oceania,2014,11.166204,442693300.0
Oceania,2015,11.188197,451376030.0
Oceania,2016,11.199582,460059040.0
Oceania,2017,11.119262,465086850.0
Oceania,2018,10.996687,467918750.0
Oceania,2019,10.84414,468925470.0
Oceania,2020,10.258111,449486300.0
Oceania,2021,9.912678,439095170.0
Oceania,2022,9.678767,433489800.0
Oceania,2023,9.562097,433177120.0
Oceania,2024,9.533471,436896640.0
South America,1844,0.0014039242,24171.0
South America,1845,0.002053181,36046.0
South America,1846,0.002550151,45661.0
South America,1847,0.0030576747,55846.0
South America,1848,0.0034128835,63594.0
South America,1849,0.0061191246,116034.0
South America,1850,0.0048894696,94126.0
South America,1851,0.005662584,110448.0
South America,1852,0.0091734305,180875.0
South America,1853,0.005859478,116529.0
South America,1854,0.0002685756,5389.0
South America,1855,0.0074515436,150900.0
South America,1856,0.027229564,556694.0
South America,1857,0.04267045,880976.0
South America,1858,0.046171896,962943.0
South America,1859,0.036001474,758669.0
South America,1860,0.04850115,1033002.0
South America,1861,0.044145875,950494.0
South America,1862,0.040292315,877144.0
South America,1863,0.043720767,962480.0
South America,1864,0.053091038,1182042.0
South America,1865,0.0614143,1383061.0
South America,1866,0.0828002,1886320.0
South America,1867,0.0869269,2003559.0
South America,1868,0.09990708,2330022.0
South America,1869,0.0884349,2088179.0
South America,1870,0.08925572,2135154.0
South America,1871,0.093262084,2261620.0
South America,1872,0.122471064,3012619.0
South America,1873,0.1325245,3308867.0
South America,1874,0.14764744,3742494.0
South America,1875,0.12602736,3243613.0
South America,1876,0.12251304,3202210.0
South America,1877,0.112519205,2987233.0
South America,1878,0.10823685,2919186.0
South America,1879,0.110142805,3020111.0
South America,1880,0.12377966,3453197.0
South America,1881,0.13206337,3751238.0
South America,1882,0.13241042,3832123.0
South America,1883,0.1381004,4075048.0
South America,1884,0.15397647,4632899.0
South America,1885,0.15740004,4829543.0
South America,1886,0.14477074,4530320.0
South America,1887,0.16448963,5250247.0
South America,1888,0.19616435,6387091.0
South America,1889,0.22697216,7538223.0
South America,1890,0.18685704,6329836.0
South America,1891,0.19056651,6584004.0
South America,1892,0.19093779,6727751.0
South America,1893,0.1871768,6725705.0
South America,1894,0.22925468,8401482.0
South America,1895,0.22868921,8548265.0
South America,1896,0.24172585,9217044.0
South America,1897,0.22009735,8561701.0
South America,1898,0.23147582,9186857.0
South America,1899,0.23780607,9629430.0
South America,1900,0.21621478,8932587.0
South America,1901,0.22880019,9644027.0
South America,1902,0.23927331,10289648.0
South America,1903,0.23916085,10492844.0
South America,1904,0.2441603,10929525.0
South America,1905,0.27950913,12766501.0
South America,1906,0.3327609,15509021.0
South America,1907,0.37236306,17710128.0
South America,1908,0.3854601,18709604.0
South America,1909,0.37234485,18441104.0
South America,1910,0.409141,20672666.0
South America,1911,0.46478626,23954296.0
South America,1912,0.47052085,24730868.0
South America,1913,0.4845292,25967704.0
South America,1914,0.3947213,21570992.0
South America,1915,0.2812881,15675078.0
South America,1916,0.25774732,14646844.0
South America,1917,0.22582251,13086434.0
South America,1918,0.19718663,11650200.0
South America,1919,0.22625773,13630743.0
South America,1920,0.2625075,16127816.0
South America,1921,0.24539292,15376955.0
South America,1922,0.27437925,17538402.0
South America,1923,0.3052269,19904310.0
South America,1924,0.37482536,24937520.0
South America,1925,0.3898891,26465472.0
South America,1926,0.3971582,27506204.0
South America,1927,0.426782,30158940.0
South America,1928,0.43834385,31606908.0
South America,1929,0.47283188,34773396.0
South America,1930,0.3948104,29601944.0
South America,1931,0.3535584,27014918.0
South America,1932,0.39088354,30424378.0
South America,1933,0.4336828,34371650.0
South America,1934,0.4763104,38439308.0
South America,1935,0.5045812,41464588.0
South America,1936,0.48874187,40896870.0
South America,1937,0.60005814,51129504.0
South America,1938,0.54905653,47639420.0
South America,1939,0.5266004,46572064.0
South America,1940,0.56424356,50912532.0
South America,1941,0.5589522,51506230.0
South America,1942,0.51370543,48387430.0
South America,1943,0.50880134,49034136.0
South America,1944,0.54848903,54083316.0
South America,1945,0.54272,54755708.0
South America,1946,0.5582945,57635230.0
South America,1947,0.5954354,62898948.0
South America,1948,0.6482543,70073040.0
South America,1949,0.64339936,71232510.0
South America,1950,1.0041254,113413520.0
South America,1951,1.1316377,131276936.0
South America,1952,1.187007,141468580.0
South America,1953,1.1484048,140632350.0
South America,1954,1.2002786,151041460.0
South America,1955,1.3150389,170065740.0
South America,1956,1.3855476,184167710.0
South America,1957,1.4118793,192906660.0
South America,1958,1.2726239,178736500.0
South America,1959,1.3643128,196974220.0
South America,1960,1.3418474,199140540.0
South America,1961,1.3227601,201758850.0
South America,1962,1.3757195,215627580.0
South America,1963,1.3623447,219375540.0
South America,1964,1.3916494,230142290.0
South America,1965,1.4143811,240086050.0
South America,1966,1.4470665,251980850.0
South America,1967,1.4973593,267317540.0
South America,1968,1.5721273,287591260.0
South America,1969,1.6610438,311218700.0
South America,1970,1.7611747,337804860.0
South America,1971,1.7653229,346519460.0
South America,1972,1.8048741,362536600.0
South America,1973,1.9105396,392645570.0
South America,1974,1.9811608,416508540.0
South America,1975,1.9144534,411638300.0
South America,1976,1.9069666,419311460.0
South America,1977,1.9334581,434795700.0
South America,1978,2.0091493,462104900.0
South America,1979,2.10168,494344740.0
South America,1980,2.1135788,508381280.0
South America,1981,1.9914278,489757760.0
South America,1982,1.9528536,490925340.0
South America,1983,1.8912982,485902700.0
South America,1984,1.8726878,491551200.0
South America,1985,1.8725166,501907420.0
South America,1986,1.9369823,529881470.0
South America,1987,1.9974277,557404000.0
South America,1988,2.0397782,580437800.0
South America,1989,1.9993336,579902140.0
South America,1990,2.024764,598367400.0
South America,1991,2.0140781,606069060.0
South America,1992,2.0178697,617997500.0
South America,1993,2.0949047,652739200.0
South America,1994,2.0691943,655626000.0
South America,1995,2.141113,689657540.0
South America,1996,2.1994238,719898600.0
South America,1997,2.3062692,766825300.0
South America,1998,2.3424377,791080640.0
South America,1999,2.370899,812940160.0
South America,2000,2.3344057,812034600.0
South America,2001,2.2443588,791451000.0
South America,2002,2.2944076,819742700.0
South America,2003,2.2680585,820543900.0
South America,2004,2.3405006,857033500.0
South America,2005,2.3803587,881900700.0
South America,2006,2.427945,909777900.0
South America,2007,2.4943237,944882940.0
South America,2008,2.5829513,988742600.0
South America,2009,2.486204,961341500.0
South America,2010,2.7457771,1072125250.0
South America,2011,2.7603357,1088221400.0
South America,2012,2.8695872,1142113800.0
South America,2013,3.0007956,1205617700.0
South America,2014,3.0108438,1221043200.0
South America,2015,2.8996654,1186978400.0
South America,2016,2.7654984,1142483500.0
South America,2017,2.7012587,1125791900.0
South America,2018,2.5753226,1082037000.0
South America,2019,2.5866785,1094835500.0
South America,2020,2.3102164,983969540.0
South America,2021,2.5944958,1110534700.0
South America,2022,2.5570683,1100027800.0
South America,2023,2.5591495,1107388300.0
South America,2024,2.5496047,1109841200.0
